../.git,0,2022-05-12
../.git/COMMIT_EDITMSG,0,2022-05-12
../.git/FETCH_HEAD,0,2022-05-12
../.git/HEAD,0,2022-05-12
../.git/ORIG_HEAD,0,2022-05-12
../.git/branches,0,2022-05-12
../.git/config,0,2022-05-12
../.git/description,0,2022-05-12
../.git/hooks,0,2022-05-12
../.git/hooks/applypatch-msg.sample,0,2022-05-12
../.git/hooks/commit-msg.sample,0,2022-05-12
../.git/hooks/fsmonitor-watchman.sample,0,2022-05-12
../.git/hooks/post-update.sample,0,2022-05-12
../.git/hooks/pre-applypatch.sample,0,2022-05-12
../.git/hooks/pre-commit.sample,0,2022-05-12
../.git/hooks/pre-merge-commit.sample,0,2022-05-12
../.git/hooks/pre-push.sample,0,2022-05-12
../.git/hooks/pre-rebase.sample,0,2022-05-12
../.git/hooks/pre-receive.sample,0,2022-05-12
../.git/hooks/prepare-commit-msg.sample,0,2022-05-12
../.git/hooks/update.sample,0,2022-05-12
../.git/index,0,2022-05-12
../.git/info,0,2022-05-12
../.git/info/exclude,0,2022-05-12
../.git/logs,0,2022-05-12
../.git/logs/HEAD,0,2022-05-12
../.git/logs/refs,0,2022-05-12
../.git/logs/refs/heads,0,2022-05-12
../.git/logs/refs/heads/master,0,2022-05-12
../.git/logs/refs/remotes,0,2022-05-12
../.git/logs/refs/remotes/origin,0,2022-05-12
../.git/logs/refs/remotes/origin/master,0,2022-05-12
../.git/objects,0,2022-05-12
../.git/objects/01,0,2022-05-12
../.git/objects/01/51c735f4adab76d7be88c1d133c73b4e78a15d,0,2022-05-12
../.git/objects/04,0,2022-05-12
../.git/objects/04/3a1291f7a010c1f255d1da2fd93f1b6b5839f4,0,2022-05-12
../.git/objects/06,0,2022-05-12
../.git/objects/06/78e88c5cde63b9cf50521aa16f8769b04aff97,0,2022-05-12
../.git/objects/06/f19d45256fcf1ea1302ae37ea406a8d90786a8,0,2022-05-12
../.git/objects/08,0,2022-05-12
../.git/objects/08/9672a75c5fde9677cba2089cb186bc0dc995d6,0,2022-05-12
../.git/objects/08/9d62af9e84b62e9acb98cd312a1a7cd84ddb35,0,2022-05-12
../.git/objects/08/cdbed894ccfb555933ee5b05b26453beb92bf2,0,2022-05-12
../.git/objects/09,0,2022-05-12
../.git/objects/09/1ed31ee7921c896c90b8e9e1ea80206be4a731,0,2022-05-12
../.git/objects/0a,0,2022-05-12
../.git/objects/0a/e0a863a23d66a003e4554f1394c120c86fdec1,0,2022-05-12
../.git/objects/0b,0,2022-05-12
../.git/objects/0b/9fc6b779df5c356f7fdfa26c2e1a140522bdbf,0,2022-05-12
../.git/objects/0c,0,2022-05-12
../.git/objects/0c/50b89ba0fc926dc3bf829c20c1f08e8e7271e6,0,2022-05-12
../.git/objects/0c/ec944233adb18aace75106ff6977a8f2446623,0,2022-05-12
../.git/objects/0d,0,2022-05-12
../.git/objects/0d/45f8c3a2a06ab3621a2657dfabb2ae7d94af31,0,2022-05-12
../.git/objects/0e,0,2022-05-12
../.git/objects/0e/a93965ac99543d0cbe6331666dea93141457a4,0,2022-05-12
../.git/objects/11,0,2022-05-12
../.git/objects/11/55b46c956d1b5bc83d32eb75ba0601e5c6d5f2,0,2022-05-12
../.git/objects/12,0,2022-05-12
../.git/objects/12/afe5ffab9fa9f4f1c3337f7ecb23b91f787a99,0,2022-05-12
../.git/objects/14,0,2022-05-12
../.git/objects/14/658c3e7b9f044a93b003126331f9d71a6bbcb8,0,2022-05-12
../.git/objects/15,0,2022-05-12
../.git/objects/15/6241ee8db47209497a1282b77d94424838946b,0,2022-05-12
../.git/objects/16,0,2022-05-12
../.git/objects/16/17dc6c0e9f7c217c8e702e7f24883c4b1623ab,0,2022-05-12
../.git/objects/16/2c13212500a2f4c82e8b0757992b1a6cc45c83,0,2022-05-12
../.git/objects/1a,0,2022-05-12
../.git/objects/1a/bee1d46b99e520a6fd3dfa1d870aacf5a712f6,0,2022-05-12
../.git/objects/1b,0,2022-05-12
../.git/objects/1b/a80f727e692327b6387601771bbf835fceab49,0,2022-05-12
../.git/objects/1c,0,2022-05-12
../.git/objects/1c/28705290827730a04be36c9ea9b3ff91267248,0,2022-05-12
../.git/objects/1f,0,2022-05-12
../.git/objects/1f/1b5dc6abc2a84f1d755439cb11561bcaf5199e,0,2022-05-12
../.git/objects/1f/1d0f9212528b0dc6c223176162aeebf7a79792,0,2022-05-12
../.git/objects/21,0,2022-05-12
../.git/objects/21/4396dfd486766bc502daef90900acc8a060294,0,2022-05-12
../.git/objects/21/5c4c98c55025b217b317e93510664c89bbf144,0,2022-05-12
../.git/objects/22,0,2022-05-12
../.git/objects/22/8a20ca9a22679929b31164c62944ab21eac795,0,2022-05-12
../.git/objects/22/f32b32388ec83b0ae6f09951c786acee7b72c4,0,2022-05-12
../.git/objects/24,0,2022-05-12
../.git/objects/24/76d01d33e60802e69748719515a74e56a07a42,0,2022-05-12
../.git/objects/24/b17720f0615398aa22002429ece9d89c9a5bac,0,2022-05-12
../.git/objects/25,0,2022-05-12
../.git/objects/25/1a71aa141bde7a01427554e0f6f47eb219df8c,0,2022-05-12
../.git/objects/25/2c67e48a836fc7ff3c5adbd7c7fd066d9750a0,0,2022-05-12
../.git/objects/26,0,2022-05-12
../.git/objects/26/56a3779e08788c41424cb5bc84134b6501b259,0,2022-05-12
../.git/objects/26/aee8b6da09b72c40b109225803754206f35551,0,2022-05-12
../.git/objects/27,0,2022-05-12
../.git/objects/27/38b651783b4afe443c64e10b4dd0283f89eb3b,0,2022-05-12
../.git/objects/27/4559d2178b21954c62f25eba0826999c08e031,0,2022-05-12
../.git/objects/27/52edc6c70f2c5f5d7a0931ca15b03f08c0c040,0,2022-05-12
../.git/objects/27/beaf2175a3d7ae9da506c275cc5c02396f0dd7,0,2022-05-12
../.git/objects/2a,0,2022-05-12
../.git/objects/2a/cd022f9c8dcb56e0dfa9acf2682b1229332876,0,2022-05-12
../.git/objects/2c,0,2022-05-12
../.git/objects/2c/0bc301d8db7053cb7ec3a3294756142c4ae1d4,0,2022-05-12
../.git/objects/2e,0,2022-05-12
../.git/objects/2e/8397ed89323c652ffdcec815bd1bdb7fc1656f,0,2022-05-12
../.git/objects/2f,0,2022-05-12
../.git/objects/2f/28564754306aac840f9cf3d1ed0abda005a175,0,2022-05-12
../.git/objects/2f/3876c93fef847affc8184c08ad19e55a2cd2c0,0,2022-05-12
../.git/objects/30,0,2022-05-12
../.git/objects/30/2f86ab23e31c9f20f8a3064b0344f0f9f05895,0,2022-05-12
../.git/objects/30/d2637aa6cbd5e29428b9bdbaf00e2e3d11169c,0,2022-05-12
../.git/objects/31,0,2022-05-12
../.git/objects/31/287854f398858398553885ef0ff3820275678d,0,2022-05-12
../.git/objects/35,0,2022-05-12
../.git/objects/35/f9dde7dfe4a09f1b502ee9433ddee304158e80,0,2022-05-12
../.git/objects/36,0,2022-05-12
../.git/objects/36/dd4030890c5ba86887b60cc03e45f070627c61,0,2022-05-12
../.git/objects/38,0,2022-05-12
../.git/objects/38/6b3bdf4888c85814efbf525e54c1dfe9c15757,0,2022-05-12
../.git/objects/38/7ac2d46be5cbd43b226fb1dc7297b955f6f4ce,0,2022-05-12
../.git/objects/3c,0,2022-05-12
../.git/objects/3c/7f3ec6eb96dbb9c09f8a207fe29c3dd4de9264,0,2022-05-12
../.git/objects/3c/b8a2d9c092910f764d02b936e76478095a1643,0,2022-05-12
../.git/objects/3d,0,2022-05-12
../.git/objects/3d/18c891fafd8dab92cb2bc117f5652f8114a894,0,2022-05-12
../.git/objects/3d/62d5d05e4980327016369f3aa75f8853608088,0,2022-05-12
../.git/objects/3d/d12119bb85fd5599e75900b0565721f70f3e80,0,2022-05-12
../.git/objects/42,0,2022-05-12
../.git/objects/42/24d04d6ab42cb9d918e09de8394e9e1b6fc26f,0,2022-05-12
../.git/objects/42/7b359c3414a7c1b6bcfdda53d6558c1ea7ca6b,0,2022-05-12
../.git/objects/42/e819d675a8a82123e8160bc15d5b07cb8b97a3,0,2022-05-12
../.git/objects/44,0,2022-05-12
../.git/objects/44/7146c2ebb883c4657db0034c6afee83f2ce217,0,2022-05-12
../.git/objects/47,0,2022-05-12
../.git/objects/47/344f8ef1305a7bcf310e9b055a69f7d794b1ce,0,2022-05-12
../.git/objects/47/4d6a7736d2313d65f393a6e1711dc469187ea5,0,2022-05-12
../.git/objects/49,0,2022-05-12
../.git/objects/49/0751e8fd27998f472c86557355bdf4ad099423,0,2022-05-12
../.git/objects/4a,0,2022-05-12
../.git/objects/4a/3eea77a620de2e38e1ea5b5650d38e4ace1890,0,2022-05-12
../.git/objects/4b,0,2022-05-12
../.git/objects/4b/825dc642cb6eb9a060e54bf8d69288fbee4904,0,2022-05-12
../.git/objects/4c,0,2022-05-12
../.git/objects/4c/301ad3235dee00f4b9c362539c08cb05e76744,0,2022-05-12
../.git/objects/4c/71b6e9751e9f71956e5a39054adc25355cfa53,0,2022-05-12
../.git/objects/4c/d8faf36dd4b7592654a10bd5bd485608ac8700,0,2022-05-12
../.git/objects/4c/fa076b8cf4c6160376407558e28f9a3a58c34a,0,2022-05-12
../.git/objects/4d,0,2022-05-12
../.git/objects/4d/0d49fdabf8f17083cf760a8658d637c5b3018d,0,2022-05-12
../.git/objects/4e,0,2022-05-12
../.git/objects/4e/0ae544d67bb62413737eca5beac584d7eaaac4,0,2022-05-12
../.git/objects/4e/bb32da26d0ae60024e62e7bc544975b521c4e3,0,2022-05-12
../.git/objects/50,0,2022-05-12
../.git/objects/50/3b67466e6fc31969f2045b00a2512729aeab23,0,2022-05-12
../.git/objects/50/905b8edb7390f4e9ff259c807afdda12c58b18,0,2022-05-12
../.git/objects/51,0,2022-05-12
../.git/objects/51/1cbbfc3a05f1087b36340cadc7ff68d2868b48,0,2022-05-12
../.git/objects/53,0,2022-05-12
../.git/objects/53/0f15b99c76059e6c41d1147c2e74fdb42e9966,0,2022-05-12
../.git/objects/53/c1e1d99ba474b2d77d29c398476a89e98cf49c,0,2022-05-12
../.git/objects/54,0,2022-05-12
../.git/objects/54/7d6ce2c4d8f52565b0eed08381b9a02e169ef0,0,2022-05-12
../.git/objects/57,0,2022-05-12
../.git/objects/57/0d7add263fead4c872f23c576a480534230a2f,0,2022-05-12
../.git/objects/57/611e797127bab680ca907feff07e6700cb2bf7,0,2022-05-12
../.git/objects/58,0,2022-05-12
../.git/objects/58/0b4490c97a7dee826471dbf84faf952dee3019,0,2022-05-12
../.git/objects/58/56fd9384f35c063511a67d19185d69aeea61f5,0,2022-05-12
../.git/objects/5a,0,2022-05-12
../.git/objects/5a/409c48998fff1b85259a4c28660dcfe9c29945,0,2022-05-12
../.git/objects/5a/8da719a330b8c619be01da7129a9904922c566,0,2022-05-12
../.git/objects/5c,0,2022-05-12
../.git/objects/5c/b77bd09f64a74709e5051d1213fad36adb6eb3,0,2022-05-12
../.git/objects/5c/ef769bd93dcec6ad35e440e739044a96c5920e,0,2022-05-12
../.git/objects/5e,0,2022-05-12
../.git/objects/5e/ac6c41a8868c79b81ba3b4af41b5aaa6d67965,0,2022-05-12
../.git/objects/5f,0,2022-05-12
../.git/objects/5f/efe9b4ce2c6b45df17e1689062be8d42c6bc5c,0,2022-05-12
../.git/objects/60,0,2022-05-12
../.git/objects/60/d94ccb04450bbbb86ef6a8c367efd310420190,0,2022-05-12
../.git/objects/61,0,2022-05-12
../.git/objects/61/24dd681020fae14a342bac7183ea61b101cd5b,0,2022-05-12
../.git/objects/62,0,2022-05-12
../.git/objects/62/1a424c95d302cab422e53d43182900b1da727c,0,2022-05-12
../.git/objects/62/4371e13b827686699179a85dd3623f5a00979f,0,2022-05-12
../.git/objects/64,0,2022-05-12
../.git/objects/64/68fe4046ade77fa7bba683b782f5530df38136,0,2022-05-12
../.git/objects/65,0,2022-05-12
../.git/objects/65/24794372af720dfc04d92d06feb15f615c3357,0,2022-05-12
../.git/objects/65/87094f698e2894ebfc4fdf1658164806b2e88f,0,2022-05-12
../.git/objects/65/fc54b428cc24ea931eb8cce5baaef33da19a4f,0,2022-05-12
../.git/objects/67,0,2022-05-12
../.git/objects/67/7b512f3d2bd99f3f36a7dbc436b78597c5db8c,0,2022-05-12
../.git/objects/67/fd055a52685500db32f633ea58c017e90df83e,0,2022-05-12
../.git/objects/68,0,2022-05-12
../.git/objects/68/6932b81872a398b0ca1013975bfb755a5695eb,0,2022-05-12
../.git/objects/6a,0,2022-05-12
../.git/objects/6a/b04a79853b5d613f564407e07c59c176b064b3,0,2022-05-12
../.git/objects/6d,0,2022-05-12
../.git/objects/6d/01886698ea39128f75aeee2855b0547c2c45e6,0,2022-05-12
../.git/objects/6e,0,2022-05-12
../.git/objects/6e/acc0847be3c3557a25507ef797b2b8ba248bfc,0,2022-05-12
../.git/objects/71,0,2022-05-12
../.git/objects/71/0aa0baf93c7155aed1403f9f3ac986bb32ed99,0,2022-05-12
../.git/objects/71/22f2131766c4fd286fdd898b2fc262891b51bb,0,2022-05-12
../.git/objects/71/fb459c79d08d08205fabf5066ee00557d54ad6,0,2022-05-12
../.git/objects/72,0,2022-05-12
../.git/objects/72/a69a67ff82bc88592612272d7cd1558fc13a42,0,2022-05-12
../.git/objects/72/d36b992e7462dd7b579a1688f55883a6ed1d98,0,2022-05-12
../.git/objects/72/ebe7c42a5de29303cf470b9306a738d1e74d17,0,2022-05-12
../.git/objects/75,0,2022-05-12
../.git/objects/75/da744700062580c32135e2e64fddaf1a7c7091,0,2022-05-12
../.git/objects/76,0,2022-05-12
../.git/objects/76/c1fb7a04da1ae19c5fb997e5249a77fddba10b,0,2022-05-12
../.git/objects/77,0,2022-05-12
../.git/objects/77/17109fc17751d05c9a636d25a76c55afee9733,0,2022-05-12
../.git/objects/77/97ab50e3453cd9363caf8f9417d8b27320452d,0,2022-05-12
../.git/objects/77/d579597e05b2ec417e8140d18603a1711f3129,0,2022-05-12
../.git/objects/79,0,2022-05-12
../.git/objects/79/c4110b59539ecf8f6a9da1baa39ae2628b0f0c,0,2022-05-12
../.git/objects/7a,0,2022-05-12
../.git/objects/7a/052eccdcbf5099f1bd06bf6eee5c9b7cab8f88,0,2022-05-12
../.git/objects/7a/a8447562aff7b64ec1c94f4cf8218141f62d69,0,2022-05-12
../.git/objects/7a/aab9f3d8dc3381e15e181e2ce4da414657f996,0,2022-05-12
../.git/objects/7b,0,2022-05-12
../.git/objects/7b/44c5de10a5f05775800f9c6017b50c1bee209e,0,2022-05-12
../.git/objects/7c,0,2022-05-12
../.git/objects/7c/17a38c1588493938d3127a9d45435261dea4f3,0,2022-05-12
../.git/objects/7c/e1e5ad8fb84bb35e0a4bf46e12cce40bd4b38a,0,2022-05-12
../.git/objects/7d,0,2022-05-12
../.git/objects/7d/c97bc8f24a1ac129098203406f031435996532,0,2022-05-12
../.git/objects/7e,0,2022-05-12
../.git/objects/7e/90bd88babbc48082300cefc95d40fa31dbdeb0,0,2022-05-12
../.git/objects/80,0,2022-05-12
../.git/objects/80/3e9cbdd49605a93c476f9b22229941ec38187b,0,2022-05-12
../.git/objects/81,0,2022-05-12
../.git/objects/81/1df9470865942e54c442cbe558bb1a73c1f596,0,2022-05-12
../.git/objects/83,0,2022-05-12
../.git/objects/83/c32af702252b2e9fcbf4e8881507e5478bc4c3,0,2022-05-12
../.git/objects/86,0,2022-05-12
../.git/objects/86/3db99a8b4ca1425d8563e57df642b90f9d8ddb,0,2022-05-12
../.git/objects/86/555663bbf5047d16461927a7b42774762c2872,0,2022-05-12
../.git/objects/86/5b5451721f93fe4e9206cf4c6955ac58ec5f90,0,2022-05-12
../.git/objects/88,0,2022-05-12
../.git/objects/88/6551620356e5c6cd813637a18ddffcae75b96e,0,2022-05-12
../.git/objects/89,0,2022-05-12
../.git/objects/89/787529f50b323e63c64e5b4155e6131ac23cf3,0,2022-05-12
../.git/objects/8b,0,2022-05-12
../.git/objects/8b/09d241dfbd55f980041f73de756057e3d18773,0,2022-05-12
../.git/objects/8d,0,2022-05-12
../.git/objects/8d/9e0f77310fad263fee2f7e21d4a9fc2f2509e8,0,2022-05-12
../.git/objects/8e,0,2022-05-12
../.git/objects/8e/24d39c3e6cbedee06f6bb1e55953f162f61107,0,2022-05-12
../.git/objects/8e/61cf4072125380b9ea4fc1a07353b74c2bf079,0,2022-05-12
../.git/objects/8f,0,2022-05-12
../.git/objects/8f/ef791219098bce85b199f814c06fca8036b0f1,0,2022-05-12
../.git/objects/90,0,2022-05-12
../.git/objects/90/4e25f53808572413e02cc937e05b1b2762c808,0,2022-05-12
../.git/objects/91,0,2022-05-12
../.git/objects/91/3ed6494d15d28935c120905fbb7cc74f57a469,0,2022-05-12
../.git/objects/91/8d5f272be8851a4abe23e91a741c83f6ccf5be,0,2022-05-12
../.git/objects/91/c5df7ce31df8120a6869e89bdb67064aebef36,0,2022-05-12
../.git/objects/92,0,2022-05-12
../.git/objects/92/4a30c2860534c052057839c840e534941b8d02,0,2022-05-12
../.git/objects/92/7d62551525efca6cb3f9e2bd51c13d05e9e922,0,2022-05-12
../.git/objects/95,0,2022-05-12
../.git/objects/95/2ac2791da21103fe8c0f21d7832f782e39a752,0,2022-05-12
../.git/objects/96,0,2022-05-12
../.git/objects/96/1af63da06ad8d246ab6bda3a6a5932a40a615e,0,2022-05-12
../.git/objects/99,0,2022-05-12
../.git/objects/99/b7d87e14d45c8b4287a43ac8dc032fb03a8760,0,2022-05-12
../.git/objects/9f,0,2022-05-12
../.git/objects/9f/4c8171b47c5e62604e6f57e2a002e3905019a7,0,2022-05-12
../.git/objects/9f/766d5b1cdb0731db16673e242af51773a66939,0,2022-05-12
../.git/objects/a0,0,2022-05-12
../.git/objects/a0/6cfddacb9bf965984100a45262751b251affa6,0,2022-05-12
../.git/objects/a1,0,2022-05-12
../.git/objects/a1/fa3a00b6675b5f5ca86d593b06076c6fe8be6c,0,2022-05-12
../.git/objects/a2,0,2022-05-12
../.git/objects/a2/0e634e2247471afcb03008d82b96d1a65001cf,0,2022-05-12
../.git/objects/a2/d67e2dcd290cc450a5ea65b211ee8fe8210e77,0,2022-05-12
../.git/objects/a4,0,2022-05-12
../.git/objects/a4/a116a137365bdae4099358ab45f6faac6bd913,0,2022-05-12
../.git/objects/a5,0,2022-05-12
../.git/objects/a5/870d523785227d9d8b2213301a33d028bafb1f,0,2022-05-12
../.git/objects/a6,0,2022-05-12
../.git/objects/a6/a76b4de7aad60f6051e98c3b7ed0b2e26b3ce6,0,2022-05-12
../.git/objects/aa,0,2022-05-12
../.git/objects/aa/24a6a380b159e1f67cbce0f586dadb4b512a45,0,2022-05-12
../.git/objects/aa/d50db5e3695c6b22ce8623c202b9ea4442ecc9,0,2022-05-12
../.git/objects/ab,0,2022-05-12
../.git/objects/ab/2c3fcb6f80abc6cb19470e50afc8854a12be5d,0,2022-05-12
../.git/objects/ad,0,2022-05-12
../.git/objects/ad/14887bfd5af0aff8ebfa2856c7519f0cd12b1e,0,2022-05-12
../.git/objects/ad/37ff924d284178f9559194fa0e136e7b47149d,0,2022-05-12
../.git/objects/ad/3e9921b7b6b01e0580fea15deca24f6db25570,0,2022-05-12
../.git/objects/ad/d748444a0c3282a90d2f22572db5c585e1d0ea,0,2022-05-12
../.git/objects/b1,0,2022-05-12
../.git/objects/b1/74d59267f920aab6c4050c455b0f0c0fefb676,0,2022-05-12
../.git/objects/b3,0,2022-05-12
../.git/objects/b3/2426e0720a7b45edb154746636f1d75a5627b5,0,2022-05-12
../.git/objects/b4,0,2022-05-12
../.git/objects/b4/0df895b20c8d4de7d96179968909600d3a9be7,0,2022-05-12
../.git/objects/b5,0,2022-05-12
../.git/objects/b5/d689d1df89731ee6c9e7b4d495587189835295,0,2022-05-12
../.git/objects/b8,0,2022-05-12
../.git/objects/b8/6ed93e67a41ae6a8ecb603d163df218a4ee81c,0,2022-05-12
../.git/objects/b9,0,2022-05-12
../.git/objects/b9/04f6d59fdd1653f422e8e83ef7c58704c3fd8d,0,2022-05-12
../.git/objects/b9/4b342d39cee99df1a313244618c59ea8d28e66,0,2022-05-12
../.git/objects/b9/af2f699920eab4dcb63bcc93c5b00391386ff9,0,2022-05-12
../.git/objects/bd,0,2022-05-12
../.git/objects/bd/7486ff0cc4910b87212a98f043fb83484346cc,0,2022-05-12
../.git/objects/bd/bf800757825760632a1bedd7a186d785bb7df5,0,2022-05-12
../.git/objects/bd/d1da03a919a8853761001474d0877148402821,0,2022-05-12
../.git/objects/c0,0,2022-05-12
../.git/objects/c0/bc8683f8a3f6c559f8018aa548ee132800bd97,0,2022-05-12
../.git/objects/c1,0,2022-05-12
../.git/objects/c1/573931d4bc2bfd15e65ff94ee4d3a8347f108f,0,2022-05-12
../.git/objects/c1/bfc9a1c7040bc9f3f0f22ecd58915c94cdca0e,0,2022-05-12
../.git/objects/c2,0,2022-05-12
../.git/objects/c2/319f9ce50be36debbdabfb5b8b8e9def6ac061,0,2022-05-12
../.git/objects/c3,0,2022-05-12
../.git/objects/c3/52b6bb5badad9aead51a03c47cfe7cabecbe0f,0,2022-05-12
../.git/objects/c6,0,2022-05-12
../.git/objects/c6/3f291370a50ae29c48a582077d01d2d985fd39,0,2022-05-12
../.git/objects/c9,0,2022-05-12
../.git/objects/c9/a3a56ddabeadc9593af29686dad21fb2427fd3,0,2022-05-12
../.git/objects/ca,0,2022-05-12
../.git/objects/ca/1d0859aa134dc22a3182169c2dc07f8047c1b6,0,2022-05-12
../.git/objects/cd,0,2022-05-12
../.git/objects/cd/7811bbfb080a8772f7b9fb832cb67094687204,0,2022-05-12
../.git/objects/cd/baa0c8ffb022702b4718ce3fb8f0b838122dbe,0,2022-05-12
../.git/objects/ce,0,2022-05-12
../.git/objects/ce/27d03ef0d0dafc2328a9462392ba7935ff98c6,0,2022-05-12
../.git/objects/cf,0,2022-05-12
../.git/objects/cf/7da89b3db76c2249451339d79a5475c6a190e2,0,2022-05-12
../.git/objects/cf/e39c63204c0d7944bb625cf96b50ad597ee5a5,0,2022-05-12
../.git/objects/d0,0,2022-05-12
../.git/objects/d0/d366567faa2c46d265cb6820affc6ab645108d,0,2022-05-12
../.git/objects/d4,0,2022-05-12
../.git/objects/d4/b3cc8f8c491b0441233602ba85ce81de859c28,0,2022-05-12
../.git/objects/d5,0,2022-05-12
../.git/objects/d5/0c54ec0cd2b9190c4a1653b5d2d89e5fc0d285,0,2022-05-12
../.git/objects/d5/823dc06db73d76de71a66c12d7d42115c54f46,0,2022-05-12
../.git/objects/d6,0,2022-05-12
../.git/objects/d6/499cacdd3d268c9a8a80d599c7fc7982a780ad,0,2022-05-12
../.git/objects/da,0,2022-05-12
../.git/objects/da/25d7956964119267128cffa7f0731e9ec521bb,0,2022-05-12
../.git/objects/da/8df823dbcd5e8173c4844df8a5b936d2902b55,0,2022-05-12
../.git/objects/dc,0,2022-05-12
../.git/objects/dc/4084926236ba0339083d407272c497078f9f94,0,2022-05-12
../.git/objects/dd,0,2022-05-12
../.git/objects/dd/26ccf384f03af36837d022a0d33f86ac0c241b,0,2022-05-12
../.git/objects/dd/99d44c5cb0bce32e08fd099166e750ad93fc9f,0,2022-05-12
../.git/objects/de,0,2022-05-12
../.git/objects/de/6760f7d2f34278a26c3c33d6137aee8075c54e,0,2022-05-12
../.git/objects/e0,0,2022-05-12
../.git/objects/e0/02881df5752f4df49634d315b628a48b03cc62,0,2022-05-12
../.git/objects/e2,0,2022-05-12
../.git/objects/e2/6d680a5aa244db05db405337c57fbe9460189c,0,2022-05-12
../.git/objects/e3,0,2022-05-12
../.git/objects/e3/66d51c9218ed421eecca54d0f74590ae7312ce,0,2022-05-12
../.git/objects/e3/fd5bab73afe62157a3b649a92a026912f2c03c,0,2022-05-12
../.git/objects/e4,0,2022-05-12
../.git/objects/e4/0ab23fce0831077cf0f3b48a4fa9070035353d,0,2022-05-12
../.git/objects/e5,0,2022-05-12
../.git/objects/e5/0da7fade92313cefd8f252ba07b93dc9975f98,0,2022-05-12
../.git/objects/e6,0,2022-05-12
../.git/objects/e6/0c7017e0b5a0efffacbbd751bc4858c3228ce6,0,2022-05-12
../.git/objects/e6/9de29bb2d1d6434b8b29ae775ad8c2e48c5391,0,2022-05-12
../.git/objects/e7,0,2022-05-12
../.git/objects/e7/cccaab3756d83a667827373997629ea346a6f4,0,2022-05-12
../.git/objects/e8,0,2022-05-12
../.git/objects/e8/9c0bc0e41ff98ec23d1f028f7010351f5929c2,0,2022-05-12
../.git/objects/e8/d0cf6472270981ffacafd224d3267217174968,0,2022-05-12
../.git/objects/eb,0,2022-05-12
../.git/objects/eb/5d2813bab5552d4dfa5e2006e64a4a0a2ef09a,0,2022-05-12
../.git/objects/ec,0,2022-05-12
../.git/objects/ec/50a1cacbe8d00fc14345a142f56867540bcd6d,0,2022-05-12
../.git/objects/ec/95cdeb5e769dd1040ee7772df3ecf34c80f7c7,0,2022-05-12
../.git/objects/ee,0,2022-05-12
../.git/objects/ee/cfed1436fcf3d0b13afca4a028afc6ef8febb4,0,2022-05-12
../.git/objects/f0,0,2022-05-12
../.git/objects/f0/d397219c82a7f8cadd26111dc5ed8bd1412e00,0,2022-05-12
../.git/objects/f1,0,2022-05-12
../.git/objects/f1/03055dd92c3f40d0391fb77aa0225041eb053c,0,2022-05-12
../.git/objects/f1/0a51b83cf1c84eac9935e5382a449deb2fc841,0,2022-05-12
../.git/objects/f1/7e95f01eb59bc6204c89567fd4eb8436d5dd9c,0,2022-05-12
../.git/objects/f2,0,2022-05-12
../.git/objects/f2/71f6ae012be55328470dc4ac217583c66244c6,0,2022-05-12
../.git/objects/f3,0,2022-05-12
../.git/objects/f3/4ddaccc8ef7471ad96579b66b4726bbdc72968,0,2022-05-12
../.git/objects/f4,0,2022-05-12
../.git/objects/f4/62e8807c4df7d9e9beec97128ccf50ad5ca891,0,2022-05-12
../.git/objects/f5,0,2022-05-12
../.git/objects/f5/2e7321cce555b28009c239ee60b464d9fbd934,0,2022-05-12
../.git/objects/f5/55d1576e3f5e201fbb3fa2305589e4202a512e,0,2022-05-12
../.git/objects/f6,0,2022-05-12
../.git/objects/f6/573d706f32313274ab71b45bf5b5fe25da9ed1,0,2022-05-12
../.git/objects/f7,0,2022-05-12
../.git/objects/f7/810501695d363e11ea12f4cbcff1f19debbf94,0,2022-05-12
../.git/objects/fa,0,2022-05-12
../.git/objects/fa/04aa4446e8bc6ea406f22849cd7c3b990db9fe,0,2022-05-12
../.git/objects/fa/9e4ec9df29df588726f2c909d71eb706d07767,0,2022-05-12
../.git/objects/fd,0,2022-05-12
../.git/objects/fd/19558eee03c1faeebc4ffe014a0c65d5d8b471,0,2022-05-12
../.git/objects/fe,0,2022-05-12
../.git/objects/fe/e5399cc9bf5326e279058731019ddab2196e84,0,2022-05-12
../.git/objects/ff,0,2022-05-12
../.git/objects/ff/7e1804dccf62a8878031df76156dc3d6597c27,0,2022-05-12
../.git/objects/info,0,2022-05-12
../.git/objects/pack,0,2022-05-12
../.git/refs,0,2022-05-12
../.git/refs/heads,0,2022-05-12
../.git/refs/heads/master,0,2022-05-12
../.git/refs/remotes,0,2022-05-12
../.git/refs/remotes/origin,0,2022-05-12
../.git/refs/remotes/origin/master,0,2022-05-12
../.git/refs/tags,0,2022-05-12
../README.md,0,2022-05-12
../Sesion-01,0,2022-05-12
../Sesion-01/conversion_de_datos.py,0,2022-05-12
../Sesion-01/hola-mundo.py,0,2022-05-12
../Sesion-01/operadores.py,0,2022-05-12
../Sesion-01/reto-02.py,0,2022-05-12
../Sesion-01/reto-03.py,0,2022-05-12
../Sesion-01/reto-04.py,0,2022-05-12
../Sesion-01/reto05.py,0,2022-05-12
../Sesion-01/sesion-01.ipynb,0,2022-05-12
../Sesion-01/tipos_de_datos.py,0,2022-05-12
../Sesion-01/variables.py,0,2022-05-12
../Sesion-02,0,2022-05-12
../Sesion-02/sesion-02.ipynb,0,2022-05-12
../Sesion-03,0,2022-05-12
../Sesion-03/helado,0,2022-05-12
../Sesion-03/helado/__init__.py,0,2022-05-12
../Sesion-03/helado/__pycache__,0,2022-05-12
../Sesion-03/helado/__pycache__/__init__.cpython-39.pyc,0,2022-05-12
../Sesion-03/helado/__pycache__/entrada.cpython-39.pyc,0,2022-05-12
../Sesion-03/helado/__pycache__/pantalla.cpython-39.pyc,0,2022-05-12
../Sesion-03/helado/__pycache__/varios.cpython-39.pyc,0,2022-05-12
../Sesion-03/helado/entrada.py,0,2022-05-12
../Sesion-03/helado/pantalla.py,0,2022-05-12
../Sesion-03/helado/varios.py,0,2022-05-12
../Sesion-03/helado_precio.py,0,2022-05-12
../Sesion-03/inmuebles.csv,0,2022-05-12
../Sesion-03/inmuebles.py,0,2022-05-12
../Sesion-03/ls.py,0,2022-05-12
../Sesion-03/sesion-03.ipynb,0,2022-05-12
../Sesion-04,0,2022-05-12
../Sesion-04/__pycache__,0,2022-05-12
../Sesion-04/__pycache__/persona.cpython-39.pyc,0,2022-05-12
../Sesion-04/main.py,0,2022-05-12
../Sesion-04/persona.py,0,2022-05-12
../Sesion-04/sesion-04.ipynb,0,2022-05-12
../Sesion-05,0,2022-05-12
../Sesion-05/base_de_datos.py,0,2022-05-12
../Sesion-05/db.sqlite3,0,2022-05-12
../Sesion-05/main.py,0,2022-05-12
../Sesion-05/persona.py,0,2022-05-12
../Sesion-05/producto.py,0,2022-05-12
../Sesion-05/sesion-05.ipynb,0,2022-05-12
../Sesion-06,0,2022-05-12
../Sesion-06/ejemplo.csv,0,2022-05-12
../Sesion-06/nombre.txt,0,2022-05-12
../Sesion-06/salida.txt,0,2022-05-12
../Sesion-06/sesion-06.ipynb,0,2022-05-12
../Sesion-06/tree.py,0,2022-05-12
../Sesion-07,0,2022-05-12
../Sesion-07/sesion-07.ipynb,0,2022-05-12
../Sesion-08,0,2022-05-12
../Sesion-08/sesion-08.ipynb,0,2022-05-12
